{"cameraMode":{"drawMode":0,"name":"Shaded","section":"Shading Mode"},"sceneLighting":false,"audioPlay":false,"sceneViewState":{"showFog":true,"showMaterialUpdate":false,"showSkybox":false,"showFlares":true,"showImageEffects":true,"showParticleSystems":true},"in2DMode":false,"pivot":{"x":0.46000000834465029,"y":4.219099998474121,"z":-1.4514999389648438},"rotation":{"x":-0.1274581253528595,"y":-0.5597938895225525,"z":0.09212406724691391,"w":-0.8141356110572815},"size":0.17472988367080689,"orthographic":false}