{"cameraMode":{"drawMode":0,"name":"Shaded","section":"Shading Mode"},"sceneLighting":false,"audioPlay":false,"sceneViewState":{"showFog":true,"showMaterialUpdate":false,"showSkybox":false,"showFlares":true,"showImageEffects":true,"showParticleSystems":true},"in2DMode":false,"pivot":{"x":-0.0000016987323760986329,"y":0.0,"z":0.3381815254688263},"rotation":{"x":0.22276899218559266,"y":0.289371132850647,"z":-0.07073347270488739,"w":0.9286946654319763},"size":1.2783366441726685,"orthographic":false}